Id;Measure;Perioden;Value;StringValue;ValueAttribute
0;M000238;1963MM01;3,9;;None
1;M000239;1963MM01;;;Impossible
2;M000238;1963MM02;5,8;;None
3;M000239;1963MM02;;;Impossible
4;M000238;1963MM03;4,8;;None
5;M000239;1963MM03;;;Impossible
6;M000238;1963MM04;1,9;;None
7;M000239;1963MM04;;;Impossible
8;M000238;1963MM05;2,8;;None
9;M000239;1963MM05;;;Impossible
10;M000238;1963MM06;1,9;;None
11;M000239;1963MM06;;;Impossible
12;M000238;1963MM07;1,9;;None
13;M000239;1963MM07;;;Impossible
14;M000238;1963MM08;1,9;;None
15;M000239;1963MM08;;;Impossible
16;M000238;1963MM09;2,8;;None
17;M000239;1963MM09;;;Impossible
18;M000238;1963MM10;3,8;;None
19;M000239;1963MM10;;;Impossible
20;M000238;1963MM11;3,8;;None
21;M000239;1963MM11;;;Impossible
22;M000238;1963MM12;3,8;;None
23;M000239;1963MM12;;;Impossible
24;M000238;1963JJ00;3,8;;None
25;M000239;1963JJ00;;;Impossible
26;M000238;1964MM01;4,7;;None
27;M000239;1964MM01;;;Impossible
28;M000238;1964MM02;2,8;;None
29;M000239;1964MM02;;;Impossible
30;M000238;1964MM03;3,7;;None
31;M000239;1964MM03;;;Impossible
32;M000238;1964MM04;7,3;;None
33;M000239;1964MM04;;;Impossible
34;M000238;1964MM05;5,5;;None
35;M000239;1964MM05;;;Impossible
36;M000238;1964MM06;4,5;;None
37;M000239;1964MM06;;;Impossible
38;M000238;1964MM07;7,5;;None
39;M000239;1964MM07;;;Impossible
40;M000238;1964MM08;8,4;;None
41;M000239;1964MM08;;;Impossible
42;M000238;1964MM09;7,3;;None
43;M000239;1964MM09;;;Impossible
44;M000238;1964MM10;6,4;;None
45;M000239;1964MM10;;;Impossible
46;M000238;1964MM11;6,4;;None
47;M000239;1964MM11;;;Impossible
48;M000238;1964MM12;5,5;;None
49;M000239;1964MM12;;;Impossible
50;M000238;1964JJ00;5,5;;None
51;M000239;1964JJ00;;;Impossible
52;M000238;1965MM01;3,6;;None
53;M000239;1965MM01;;;Impossible
54;M000238;1965MM02;4,5;;None
55;M000239;1965MM02;;;Impossible
56;M000238;1965MM03;5,3;;None
57;M000239;1965MM03;;;Impossible
58;M000238;1965MM04;3,4;;None
59;M000239;1965MM04;;;Impossible
60;M000238;1965MM05;6,1;;None
61;M000239;1965MM05;;;Impossible
62;M000238;1965MM06;7;;None
63;M000239;1965MM06;;;Impossible
64;M000238;1965MM07;6,1;;None
65;M000239;1965MM07;;;Impossible
66;M000238;1965MM08;4,3;;None
67;M000239;1965MM08;;;Impossible
68;M000238;1965MM09;5,1;;None
69;M000239;1965MM09;;;Impossible
70;M000238;1965MM10;4,3;;None
71;M000239;1965MM10;;;Impossible
72;M000238;1965MM11;5,2;;None
73;M000239;1965MM11;;;Impossible
74;M000238;1965MM12;6;;None
75;M000239;1965MM12;;;Impossible
76;M000238;1965JJ00;5,2;;None
77;M000239;1965JJ00;;;Impossible
78;M000238;1966MM01;6,9;;None
79;M000239;1966MM01;;;Impossible
80;M000238;1966MM02;7,7;;None
81;M000239;1966MM02;;;Impossible
82;M000238;1966MM03;6,7;;None
83;M000239;1966MM03;;;Impossible
84;M000238;1966MM04;7,4;;None
85;M000239;1966MM04;;;Impossible
86;M000238;1966MM05;6,6;;None
87;M000239;1966MM05;;;Impossible
88;M000238;1966MM06;5,7;;None
89;M000239;1966MM06;;;Impossible
90;M000238;1966MM07;4,9;;None
91;M000239;1966MM07;;;Impossible
92;M000238;1966MM08;5,8;;None
93;M000239;1966MM08;;;Impossible
94;M000238;1966MM09;4,1;;None
95;M000239;1966MM09;;;Impossible
96;M000238;1966MM10;5,8;;None
97;M000239;1966MM10;;;Impossible
98;M000238;1966MM11;4,9;;None
99;M000239;1966MM11;;;Impossible
100;M000238;1966MM12;4,1;;None
101;M000239;1966MM12;;;Impossible
102;M000238;1966JJ00;5,8;;None
103;M000239;1966JJ00;;;Impossible
104;M000238;1967MM01;3,2;;None
105;M000239;1967MM01;;;Impossible
106;M000238;1967MM02;2,4;;None
107;M000239;1967MM02;;;Impossible
108;M000238;1967MM03;2,4;;None
109;M000239;1967MM03;;;Impossible
110;M000238;1967MM04;2,3;;None
111;M000239;1967MM04;;;Impossible
112;M000238;1967MM05;2,3;;None
113;M000239;1967MM05;;;Impossible
114;M000238;1967MM06;3,8;;None
115;M000239;1967MM06;;;Impossible
116;M000238;1967MM07;3,9;;None
117;M000239;1967MM07;;;Impossible
118;M000238;1967MM08;3,9;;None
119;M000239;1967MM08;;;Impossible
120;M000238;1967MM09;3,9;;None
121;M000239;1967MM09;;;Impossible
122;M000238;1967MM10;3,1;;None
123;M000239;1967MM10;;;Impossible
124;M000238;1967MM11;3,1;;None
125;M000239;1967MM11;;;Impossible
126;M000238;1967MM12;3,9;;None
127;M000239;1967MM12;;;Impossible
128;M000238;1967JJ00;3,1;;None
129;M000239;1967JJ00;;;Impossible
130;M000238;1968MM01;4;;None
131;M000239;1968MM01;;;Impossible
132;M000238;1968MM02;3,9;;None
133;M000239;1968MM02;;;Impossible
134;M000238;1968MM03;3,9;;None
135;M000239;1968MM03;;;Impossible
136;M000238;1968MM04;3,7;;None
137;M000239;1968MM04;;;Impossible
138;M000238;1968MM05;3,8;;None
139;M000239;1968MM05;;;Impossible
140;M000238;1968MM06;3,9;;None
141;M000239;1968MM06;;;Impossible
142;M000238;1968MM07;3,2;;None
143;M000239;1968MM07;;;Impossible
144;M000238;1968MM08;3,3;;None
145;M000239;1968MM08;;;Impossible
146;M000238;1968MM09;3,3;;None
147;M000239;1968MM09;;;Impossible
148;M000238;1968MM10;3,6;;None
149;M000239;1968MM10;;;Impossible
150;M000238;1968MM11;3,8;;None
151;M000239;1968MM11;;;Impossible
152;M000238;1968MM12;4,2;;None
153;M000239;1968MM12;;;Impossible
154;M000238;1968JJ00;3,7;;None
155;M000239;1968JJ00;;;Impossible
156;M000238;1969MM01;7,3;;None
157;M000239;1969MM01;;;Impossible
158;M000238;1969MM02;7,6;;None
159;M000239;1969MM02;;;Impossible
160;M000238;1969MM03;7,9;;None
161;M000239;1969MM03;;;Impossible
162;M000238;1969MM04;8,3;;None
163;M000239;1969MM04;;;Impossible
164;M000238;1969MM05;8,1;;None
165;M000239;1969MM05;;;Impossible
166;M000238;1969MM06;7,9;;None
167;M000239;1969MM06;;;Impossible
168;M000238;1969MM07;7,3;;None
169;M000239;1969MM07;;;Impossible
170;M000238;1969MM08;6,9;;None
171;M000239;1969MM08;;;Impossible
172;M000238;1969MM09;7,2;;None
173;M000239;1969MM09;;;Impossible
174;M000238;1969MM10;7,2;;None
175;M000239;1969MM10;;;Impossible
176;M000238;1969MM11;6,9;;None
177;M000239;1969MM11;;;Impossible
178;M000238;1969MM12;6,5;;None
179;M000239;1969MM12;;;Impossible
180;M000238;1969JJ00;7,5;;None
181;M000239;1969JJ00;;;Impossible
182;M000238;1970MM01;3,3;;None
183;M000239;1970MM01;;;Impossible
184;M000238;1970MM02;3,4;;None
185;M000239;1970MM02;;;Impossible
186;M000238;1970MM03;3,6;;None
187;M000239;1970MM03;;;Impossible
188;M000238;1970MM04;3,2;;None
189;M000239;1970MM04;;;Impossible
190;M000238;1970MM05;3,3;;None
191;M000239;1970MM05;;;Impossible
192;M000238;1970MM06;3,8;;None
193;M000239;1970MM06;;;Impossible
194;M000238;1970MM07;5;;None
195;M000239;1970MM07;;;Impossible
196;M000238;1970MM08;5,4;;None
197;M000239;1970MM08;;;Impossible
198;M000238;1970MM09;5,6;;None
199;M000239;1970MM09;;;Impossible
200;M000238;1970MM10;5,4;;None
201;M000239;1970MM10;;;Impossible
202;M000238;1970MM11;5,6;;None
203;M000239;1970MM11;;;Impossible
204;M000238;1970MM12;5,7;;None
205;M000239;1970MM12;;;Impossible
206;M000238;1970JJ00;4,4;;None
207;M000239;1970JJ00;;;Impossible
208;M000238;1971MM01;6,3;;None
209;M000239;1971MM01;;;Impossible
210;M000238;1971MM02;6,9;;None
211;M000239;1971MM02;;;Impossible
212;M000238;1971MM03;6,6;;None
213;M000239;1971MM03;;;Impossible
214;M000238;1971MM04;7,5;;None
215;M000239;1971MM04;;;Impossible
216;M000238;1971MM05;7,8;;None
217;M000239;1971MM05;;;Impossible
218;M000238;1971MM06;7,7;;None
219;M000239;1971MM06;;;Impossible
220;M000238;1971MM07;7,6;;None
221;M000239;1971MM07;;;Impossible
222;M000238;1971MM08;7,6;;None
223;M000239;1971MM08;;;Impossible
224;M000238;1971MM09;7,7;;None
225;M000239;1971MM09;;;Impossible
226;M000238;1971MM10;8,3;;None
227;M000239;1971MM10;;;Impossible
228;M000238;1971MM11;8,3;;None
229;M000239;1971MM11;;;Impossible
230;M000238;1971MM12;8,8;;None
231;M000239;1971MM12;;;Impossible
232;M000238;1971JJ00;7,6;;None
233;M000239;1971JJ00;;;Impossible
234;M000238;1972MM01;8,2;;None
235;M000239;1972MM01;;;Impossible
236;M000238;1972MM02;7,7;;None
237;M000239;1972MM02;;;Impossible
238;M000238;1972MM03;7,9;;None
239;M000239;1972MM03;;;Impossible
240;M000238;1972MM04;8;;None
241;M000239;1972MM04;;;Impossible
242;M000238;1972MM05;7,7;;None
243;M000239;1972MM05;;;Impossible
244;M000238;1972MM06;7,8;;None
245;M000239;1972MM06;;;Impossible
246;M000238;1972MM07;7,3;;None
247;M000239;1972MM07;;;Impossible
248;M000238;1972MM08;7,4;;None
249;M000239;1972MM08;;;Impossible
250;M000238;1972MM09;7,4;;None
251;M000239;1972MM09;;;Impossible
252;M000238;1972MM10;8,1;;None
253;M000239;1972MM10;;;Impossible
254;M000238;1972MM11;8,2;;None
255;M000239;1972MM11;;;Impossible
256;M000238;1972MM12;7,9;;None
257;M000239;1972MM12;;;Impossible
258;M000238;1972JJ00;7,8;;None
259;M000239;1972JJ00;;;Impossible
260;M000238;1973MM01;7,9;;None
261;M000239;1973MM01;;;Impossible
262;M000238;1973MM02;7,5;;None
263;M000239;1973MM02;;;Impossible
264;M000238;1973MM03;7,6;;None
265;M000239;1973MM03;;;Impossible
266;M000238;1973MM04;8;;None
267;M000239;1973MM04;;;Impossible
268;M000238;1973MM05;8,3;;None
269;M000239;1973MM05;;;Impossible
270;M000238;1973MM06;8,3;;None
271;M000239;1973MM06;;;Impossible
272;M000238;1973MM07;8,4;;None
273;M000239;1973MM07;;;Impossible
274;M000238;1973MM08;8,1;;None
275;M000239;1973MM08;;;Impossible
276;M000238;1973MM09;8,2;;None
277;M000239;1973MM09;;;Impossible
278;M000238;1973MM10;7,9;;None
279;M000239;1973MM10;;;Impossible
280;M000238;1973MM11;7,9;;None
281;M000239;1973MM11;;;Impossible
282;M000238;1973MM12;8,2;;None
283;M000239;1973MM12;;;Impossible
284;M000238;1973JJ00;8;;None
285;M000239;1973JJ00;;;Impossible
286;M000238;1974MM01;8,2;;None
287;M000239;1974MM01;;;Impossible
288;M000238;1974MM02;8,8;;None
289;M000239;1974MM02;;;Impossible
290;M000238;1974MM03;9,2;;None
291;M000239;1974MM03;;;Impossible
292;M000238;1974MM04;8,9;;None
293;M000239;1974MM04;;;Impossible
294;M000238;1974MM05;8,7;;None
295;M000239;1974MM05;;;Impossible
296;M000238;1974MM06;8,9;;None
297;M000239;1974MM06;;;Impossible
298;M000238;1974MM07;9,5;;None
299;M000239;1974MM07;;;Impossible
300;M000238;1974MM08;9,8;;None
301;M000239;1974MM08;;;Impossible
302;M000238;1974MM09;10,3;;None
303;M000239;1974MM09;;;Impossible
304;M000238;1974MM10;10,7;;None
305;M000239;1974MM10;;;Impossible
306;M000238;1974MM11;11;;None
307;M000239;1974MM11;;;Impossible
308;M000238;1974MM12;10,9;;None
309;M000239;1974MM12;;;Impossible
310;M000238;1974JJ00;9,6;;None
311;M000239;1974JJ00;;;Impossible
312;M000238;1975MM01;11,1;;None
313;M000239;1975MM01;;;Impossible
314;M000238;1975MM02;10,3;;None
315;M000239;1975MM02;;;Impossible
316;M000238;1975MM03;10,3;;None
317;M000239;1975MM03;;;Impossible
318;M000238;1975MM04;10,3;;None
319;M000239;1975MM04;;;Impossible
320;M000238;1975MM05;10,4;;None
321;M000239;1975MM05;;;Impossible
322;M000238;1975MM06;10,3;;None
323;M000239;1975MM06;;;Impossible
324;M000238;1975MM07;10,5;;None
325;M000239;1975MM07;;;Impossible
326;M000238;1975MM08;10,7;;None
327;M000239;1975MM08;;;Impossible
328;M000238;1975MM09;10,4;;None
329;M000239;1975MM09;;;Impossible
330;M000238;1975MM10;9,9;;None
331;M000239;1975MM10;;;Impossible
332;M000238;1975MM11;9,4;;None
333;M000239;1975MM11;;;Impossible
334;M000238;1975MM12;9,1;;None
335;M000239;1975MM12;;;Impossible
336;M000238;1975JJ00;10,2;;None
337;M000239;1975JJ00;;;Impossible
338;M000238;1976MM01;8,7;;None
339;M000239;1976MM01;;;Impossible
340;M000238;1976MM02;9,4;;None
341;M000239;1976MM02;;;Impossible
342;M000238;1976MM03;8,9;;None
343;M000239;1976MM03;;;Impossible
344;M000238;1976MM04;9,8;;None
345;M000239;1976MM04;;;Impossible
346;M000238;1976MM05;9,6;;None
347;M000239;1976MM05;;;Impossible
348;M000238;1976MM06;9,4;;None
349;M000239;1976MM06;;;Impossible
350;M000238;1976MM07;8,2;;None
351;M000239;1976MM07;;;Impossible
352;M000238;1976MM08;8,3;;None
353;M000239;1976MM08;;;Impossible
354;M000238;1976MM09;8,1;;None
355;M000239;1976MM09;;;Impossible
356;M000238;1976MM10;8,7;;None
357;M000239;1976MM10;;;Impossible
358;M000238;1976MM11;8,5;;None
359;M000239;1976MM11;;;Impossible
360;M000238;1976MM12;8,3;;None
361;M000239;1976MM12;;;Impossible
362;M000238;1976JJ00;8,8;;None
363;M000239;1976JJ00;;;Impossible
364;M000238;1977MM01;7,6;;None
365;M000239;1977MM01;;;Impossible
366;M000238;1977MM02;7,4;;None
367;M000239;1977MM02;;;Impossible
368;M000238;1977MM03;7,3;;None
369;M000239;1977MM03;;;Impossible
370;M000238;1977MM04;6,8;;None
371;M000239;1977MM04;;;Impossible
372;M000238;1977MM05;7;;None
373;M000239;1977MM05;;;Impossible
374;M000238;1977MM06;7,2;;None
375;M000239;1977MM06;;;Impossible
376;M000238;1977MM07;7,5;;None
377;M000239;1977MM07;;;Impossible
378;M000238;1977MM08;6,8;;None
379;M000239;1977MM08;;;Impossible
380;M000238;1977MM09;6,4;;None
381;M000239;1977MM09;;;Impossible
382;M000238;1977MM10;5,4;;None
383;M000239;1977MM10;;;Impossible
384;M000238;1977MM11;5,5;;None
385;M000239;1977MM11;;;Impossible
386;M000238;1977MM12;5,4;;None
387;M000239;1977MM12;;;Impossible
388;M000238;1977JJ00;6,7;;None
389;M000239;1977JJ00;;;Impossible
390;M000238;1978MM01;4,6;;None
391;M000239;1978MM01;;;Impossible
392;M000238;1978MM02;4,3;;None
393;M000239;1978MM02;;;Impossible
394;M000238;1978MM03;4,8;;None
395;M000239;1978MM03;;;Impossible
396;M000238;1978MM04;3,6;;None
397;M000239;1978MM04;;;Impossible
398;M000238;1978MM05;3,5;;None
399;M000239;1978MM05;;;Impossible
400;M000238;1978MM06;3,4;;None
401;M000239;1978MM06;;;Impossible
402;M000238;1978MM07;4,1;;None
403;M000239;1978MM07;;;Impossible
404;M000238;1978MM08;4,2;;None
405;M000239;1978MM08;;;Impossible
406;M000238;1978MM09;4,4;;None
407;M000239;1978MM09;;;Impossible
408;M000238;1978MM10;4,2;;None
409;M000239;1978MM10;;;Impossible
410;M000238;1978MM11;4;;None
411;M000239;1978MM11;;;Impossible
412;M000238;1978MM12;3,9;;None
413;M000239;1978MM12;;;Impossible
414;M000238;1978JJ00;4,1;;None
415;M000239;1978JJ00;;;Impossible
416;M000238;1979MM01;4,1;;None
417;M000239;1979MM01;;;Impossible
418;M000238;1979MM02;4,2;;None
419;M000239;1979MM02;;;Impossible
420;M000238;1979MM03;4,4;;None
421;M000239;1979MM03;;;Impossible
422;M000238;1979MM04;4,3;;None
423;M000239;1979MM04;;;Impossible
424;M000238;1979MM05;4,1;;None
425;M000239;1979MM05;;;Impossible
426;M000238;1979MM06;4,2;;None
427;M000239;1979MM06;;;Impossible
428;M000238;1979MM07;3,8;;None
429;M000239;1979MM07;;;Impossible
430;M000238;1979MM08;3,8;;None
431;M000239;1979MM08;;;Impossible
432;M000238;1979MM09;3,9;;None
433;M000239;1979MM09;;;Impossible
434;M000238;1979MM10;4,4;;None
435;M000239;1979MM10;;;Impossible
436;M000238;1979MM11;4,6;;None
437;M000239;1979MM11;;;Impossible
438;M000238;1979MM12;4,8;;None
439;M000239;1979MM12;;;Impossible
440;M000238;1979JJ00;4,2;;None
441;M000239;1979JJ00;;;Impossible
442;M000238;1980MM01;5,6;;None
443;M000239;1980MM01;;;Impossible
444;M000238;1980MM02;5,9;;None
445;M000239;1980MM02;;;Impossible
446;M000238;1980MM03;5,9;;None
447;M000239;1980MM03;;;Impossible
448;M000238;1980MM04;6,4;;None
449;M000239;1980MM04;;;Impossible
450;M000238;1980MM05;6,6;;None
451;M000239;1980MM05;;;Impossible
452;M000238;1980MM06;6,6;;None
453;M000239;1980MM06;;;Impossible
454;M000238;1980MM07;7,1;;None
455;M000239;1980MM07;;;Impossible
456;M000238;1980MM08;7,1;;None
457;M000239;1980MM08;;;Impossible
458;M000238;1980MM09;7;;None
459;M000239;1980MM09;;;Impossible
460;M000238;1980MM10;6,7;;None
461;M000239;1980MM10;;;Impossible
462;M000238;1980MM11;6,7;;None
463;M000239;1980MM11;;;Impossible
464;M000238;1980MM12;6,7;;None
465;M000239;1980MM12;;;Impossible
466;M000238;1980JJ00;6,5;;None
467;M000239;1980JJ00;;;Impossible
468;M000238;1981MM01;6,9;;None
469;M000239;1981MM01;;;Impossible
470;M000238;1981MM02;6,6;;None
471;M000239;1981MM02;;;Impossible
472;M000238;1981MM03;6,6;;None
473;M000239;1981MM03;;;Impossible
474;M000238;1981MM04;6,3;;None
475;M000239;1981MM04;;;Impossible
476;M000238;1981MM05;6,5;;None
477;M000239;1981MM05;;;Impossible
478;M000238;1981MM06;6,7;;None
479;M000239;1981MM06;;;Impossible
480;M000238;1981MM07;6,6;;None
481;M000239;1981MM07;;;Impossible
482;M000238;1981MM08;6,4;;None
483;M000239;1981MM08;;;Impossible
484;M000238;1981MM09;6,8;;None
485;M000239;1981MM09;;;Impossible
486;M000238;1981MM10;7,1;;None
487;M000239;1981MM10;;;Impossible
488;M000238;1981MM11;7,3;;None
489;M000239;1981MM11;;;Impossible
490;M000238;1981MM12;7,2;;None
491;M000239;1981MM12;;;Impossible
492;M000238;1981JJ00;6,7;;None
493;M000239;1981JJ00;;;Impossible
494;M000238;1982MM01;7;;None
495;M000239;1982MM01;;;Impossible
496;M000238;1982MM02;6,8;;None
497;M000239;1982MM02;;;Impossible
498;M000238;1982MM03;6,9;;None
499;M000239;1982MM03;;;Impossible
500;M000238;1982MM04;6,6;;None
501;M000239;1982MM04;;;Impossible
502;M000238;1982MM05;6,3;;None
503;M000239;1982MM05;;;Impossible
504;M000238;1982MM06;6,5;;None
505;M000239;1982MM06;;;Impossible
506;M000238;1982MM07;6,1;;None
507;M000239;1982MM07;;;Impossible
508;M000238;1982MM08;5,9;;None
509;M000239;1982MM08;;;Impossible
510;M000238;1982MM09;5,4;;None
511;M000239;1982MM09;;;Impossible
512;M000238;1982MM10;4,9;;None
513;M000239;1982MM10;;;Impossible
514;M000238;1982MM11;4,6;;None
515;M000239;1982MM11;;;Impossible
516;M000238;1982MM12;4,3;;None
517;M000239;1982MM12;;;Impossible
518;M000238;1982JJ00;6;;None
519;M000239;1982JJ00;;;Impossible
520;M000238;1983MM01;3,6;;None
521;M000239;1983MM01;;;Impossible
522;M000238;1983MM02;3,3;;None
523;M000239;1983MM02;;;Impossible
524;M000238;1983MM03;2,7;;None
525;M000239;1983MM03;;;Impossible
526;M000238;1983MM04;2,7;;None
527;M000239;1983MM04;;;Impossible
528;M000238;1983MM05;2,6;;None
529;M000239;1983MM05;;;Impossible
530;M000238;1983MM06;2,5;;None
531;M000239;1983MM06;;;Impossible
532;M000238;1983MM07;2,4;;None
533;M000239;1983MM07;;;Impossible
534;M000238;1983MM08;2,6;;None
535;M000239;1983MM08;;;Impossible
536;M000238;1983MM09;2,5;;None
537;M000239;1983MM09;;;Impossible
538;M000238;1983MM10;2,5;;None
539;M000239;1983MM10;;;Impossible
540;M000238;1983MM11;2,8;;None
541;M000239;1983MM11;;;Impossible
542;M000238;1983MM12;3;;None
543;M000239;1983MM12;;;Impossible
544;M000238;1983JJ00;2,8;;None
545;M000239;1983JJ00;;;Impossible
546;M000238;1984MM01;3,3;;None
547;M000239;1984MM01;;;Impossible
548;M000238;1984MM02;3,7;;None
549;M000239;1984MM02;;;Impossible
550;M000238;1984MM03;3,9;;None
551;M000239;1984MM03;;;Impossible
552;M000238;1984MM04;3,9;;None
553;M000239;1984MM04;;;Impossible
554;M000238;1984MM05;3,7;;None
555;M000239;1984MM05;;;Impossible
556;M000238;1984MM06;3,6;;None
557;M000239;1984MM06;;;Impossible
558;M000238;1984MM07;3,1;;None
559;M000239;1984MM07;;;Impossible
560;M000238;1984MM08;2,8;;None
561;M000239;1984MM08;;;Impossible
562;M000238;1984MM09;2,8;;None
563;M000239;1984MM09;;;Impossible
564;M000238;1984MM10;3,1;;None
565;M000239;1984MM10;;;Impossible
566;M000238;1984MM11;3;;None
567;M000239;1984MM11;;;Impossible
568;M000238;1984MM12;2,8;;None
569;M000239;1984MM12;;;Impossible
570;M000238;1984JJ00;3,3;;None
571;M000239;1984JJ00;;;Impossible
572;M000238;1985MM01;2,4;;None
573;M000239;1985MM01;;;Impossible
574;M000238;1985MM02;2,2;;None
575;M000239;1985MM02;;;Impossible
576;M000238;1985MM03;2,4;;None
577;M000239;1985MM03;;;Impossible
578;M000238;1985MM04;2,5;;None
579;M000239;1985MM04;;;Impossible
580;M000238;1985MM05;2,6;;None
581;M000239;1985MM05;;;Impossible
582;M000238;1985MM06;2,5;;None
583;M000239;1985MM06;;;Impossible
584;M000238;1985MM07;2,3;;None
585;M000239;1985MM07;;;Impossible
586;M000238;1985MM08;2,3;;None
587;M000239;1985MM08;;;Impossible
588;M000238;1985MM09;2,3;;None
589;M000239;1985MM09;;;Impossible
590;M000238;1985MM10;1,9;;None
591;M000239;1985MM10;;;Impossible
592;M000238;1985MM11;1,7;;None
593;M000239;1985MM11;;;Impossible
594;M000238;1985MM12;1,7;;None
595;M000239;1985MM12;;;Impossible
596;M000238;1985JJ00;2,3;;None
597;M000239;1985JJ00;;;Impossible
598;M000238;1986MM01;1,4;;None
599;M000239;1986MM01;;;Impossible
600;M000238;1986MM02;1,2;;None
601;M000239;1986MM02;;;Impossible
602;M000238;1986MM03;0,7;;None
603;M000239;1986MM03;;;Impossible
604;M000238;1986MM04;0,6;;None
605;M000239;1986MM04;;;Impossible
606;M000238;1986MM05;0,5;;None
607;M000239;1986MM05;;;Impossible
608;M000238;1986MM06;0,2;;None
609;M000239;1986MM06;;;Impossible
610;M000238;1986MM07;-0,7;;None
611;M000239;1986MM07;;;Impossible
612;M000238;1986MM08;-0,5;;None
613;M000239;1986MM08;;;Impossible
614;M000238;1986MM09;-0,6;;None
615;M000239;1986MM09;;;Impossible
616;M000238;1986MM10;-0,2;;None
617;M000239;1986MM10;;;Impossible
618;M000238;1986MM11;-0,2;;None
619;M000239;1986MM11;;;Impossible
620;M000238;1986MM12;-0,1;;None
621;M000239;1986MM12;;;Impossible
622;M000238;1986JJ00;0,2;;None
623;M000239;1986JJ00;;;Impossible
624;M000238;1987MM01;-1,3;;None
625;M000239;1987MM01;;;Impossible
626;M000238;1987MM02;-1,2;;None
627;M000239;1987MM02;;;Impossible
628;M000238;1987MM03;-1,1;;None
629;M000239;1987MM03;;;Impossible
630;M000238;1987MM04;-1,1;;None
631;M000239;1987MM04;;;Impossible
632;M000238;1987MM05;-1,1;;None
633;M000239;1987MM05;;;Impossible
634;M000238;1987MM06;-0,8;;None
635;M000239;1987MM06;;;Impossible
636;M000238;1987MM07;0,1;;None
637;M000239;1987MM07;;;Impossible
638;M000238;1987MM08;0,2;;None
639;M000239;1987MM08;;;Impossible
640;M000238;1987MM09;0,2;;None
641;M000239;1987MM09;;;Impossible
642;M000238;1987MM10;0,1;;None
643;M000239;1987MM10;;;Impossible
644;M000238;1987MM11;-0,1;;None
645;M000239;1987MM11;;;Impossible
646;M000238;1987MM12;-0,2;;None
647;M000239;1987MM12;;;Impossible
648;M000238;1987JJ00;-0,5;;None
649;M000239;1987JJ00;;;Impossible
650;M000238;1988MM01;0,6;;None
651;M000239;1988MM01;;;Impossible
652;M000238;1988MM02;0,5;;None
653;M000239;1988MM02;;;Impossible
654;M000238;1988MM03;0,7;;None
655;M000239;1988MM03;;;Impossible
656;M000238;1988MM04;0,7;;None
657;M000239;1988MM04;;;Impossible
658;M000238;1988MM05;0,7;;None
659;M000239;1988MM05;;;Impossible
660;M000238;1988MM06;0,8;;None
661;M000239;1988MM06;;;Impossible
662;M000238;1988MM07;1;;None
663;M000239;1988MM07;;;Impossible
664;M000238;1988MM08;0,9;;None
665;M000239;1988MM08;;;Impossible
666;M000238;1988MM09;0,9;;None
667;M000239;1988MM09;;;Impossible
668;M000238;1988MM10;0,7;;None
669;M000239;1988MM10;;;Impossible
670;M000238;1988MM11;1;;None
671;M000239;1988MM11;;;Impossible
672;M000238;1988MM12;1,2;;None
673;M000239;1988MM12;;;Impossible
674;M000238;1988JJ00;0,7;;None
675;M000239;1988JJ00;;;Impossible
676;M000238;1989MM01;0,8;;None
677;M000239;1989MM01;;;Impossible
678;M000238;1989MM02;0,9;;None
679;M000239;1989MM02;;;Impossible
680;M000238;1989MM03;0,8;;None
681;M000239;1989MM03;;;Impossible
682;M000238;1989MM04;1,1;;None
683;M000239;1989MM04;;;Impossible
684;M000238;1989MM05;1;;None
685;M000239;1989MM05;;;Impossible
686;M000238;1989MM06;1;;None
687;M000239;1989MM06;;;Impossible
688;M000238;1989MM07;1,1;;None
689;M000239;1989MM07;;;Impossible
690;M000238;1989MM08;1,1;;None
691;M000239;1989MM08;;;Impossible
692;M000238;1989MM09;1,3;;None
693;M000239;1989MM09;;;Impossible
694;M000238;1989MM10;1,4;;None
695;M000239;1989MM10;;;Impossible
696;M000238;1989MM11;1,2;;None
697;M000239;1989MM11;;;Impossible
698;M000238;1989MM12;1,3;;None
699;M000239;1989MM12;;;Impossible
700;M000238;1989JJ00;1,1;;None
701;M000239;1989JJ00;;;Impossible
702;M000238;1990MM01;2,2;;None
703;M000239;1990MM01;;;Impossible
704;M000238;1990MM02;2,3;;None
705;M000239;1990MM02;;;Impossible
706;M000238;1990MM03;2,3;;None
707;M000239;1990MM03;;;Impossible
708;M000238;1990MM04;2,2;;None
709;M000239;1990MM04;;;Impossible
710;M000238;1990MM05;2,3;;None
711;M000239;1990MM05;;;Impossible
712;M000238;1990MM06;2,3;;None
713;M000239;1990MM06;;;Impossible
714;M000238;1990MM07;2,4;;None
715;M000239;1990MM07;;;Impossible
716;M000238;1990MM08;2,4;;None
717;M000239;1990MM08;;;Impossible
718;M000238;1990MM09;2,7;;None
719;M000239;1990MM09;;;Impossible
720;M000238;1990MM10;2,9;;None
721;M000239;1990MM10;;;Impossible
722;M000238;1990MM11;2,8;;None
723;M000239;1990MM11;;;Impossible
724;M000238;1990MM12;2,6;;None
725;M000239;1990MM12;;;Impossible
726;M000238;1990JJ00;2,5;;None
727;M000239;1990JJ00;;;Impossible
728;M000238;1991MM01;3,2;;None
729;M000239;1991MM01;;;Impossible
730;M000238;1991MM02;2,9;;None
731;M000239;1991MM02;;;Impossible
732;M000238;1991MM03;3,2;;None
733;M000239;1991MM03;;;Impossible
734;M000238;1991MM04;3,1;;None
735;M000239;1991MM04;;;Impossible
736;M000238;1991MM05;3,2;;None
737;M000239;1991MM05;;;Impossible
738;M000238;1991MM06;3,4;;None
739;M000239;1991MM06;;;Impossible
740;M000238;1991MM07;4,5;;None
741;M000239;1991MM07;;;Impossible
742;M000238;1991MM08;4,6;;None
743;M000239;1991MM08;;;Impossible
744;M000238;1991MM09;4,4;;None
745;M000239;1991MM09;;;Impossible
746;M000238;1991MM10;4,5;;None
747;M000239;1991MM10;;;Impossible
748;M000238;1991MM11;4,8;;None
749;M000239;1991MM11;;;Impossible
750;M000238;1991MM12;4,9;;None
751;M000239;1991MM12;;;Impossible
752;M000238;1991JJ00;3,9;;None
753;M000239;1991JJ00;;;Impossible
754;M000238;1992MM01;4,1;;None
755;M000239;1992MM01;;;Impossible
756;M000238;1992MM02;4,4;;None
757;M000239;1992MM02;;;Impossible
758;M000238;1992MM03;4,2;;None
759;M000239;1992MM03;;;Impossible
760;M000238;1992MM04;4,4;;None
761;M000239;1992MM04;;;Impossible
762;M000238;1992MM05;4,2;;None
763;M000239;1992MM05;;;Impossible
764;M000238;1992MM06;4;;None
765;M000239;1992MM06;;;Impossible
766;M000238;1992MM07;3,1;;None
767;M000239;1992MM07;;;Impossible
768;M000238;1992MM08;3,5;;None
769;M000239;1992MM08;;;Impossible
770;M000238;1992MM09;3,4;;None
771;M000239;1992MM09;;;Impossible
772;M000238;1992MM10;3;;None
773;M000239;1992MM10;;;Impossible
774;M000238;1992MM11;2,9;;None
775;M000239;1992MM11;;;Impossible
776;M000238;1992MM12;2,6;;None
777;M000239;1992MM12;;;Impossible
778;M000238;1992JJ00;3,7;;None
779;M000239;1992JJ00;;;Impossible
780;M000238;1993MM01;2,5;;None
781;M000239;1993MM01;;;Impossible
782;M000238;1993MM02;2,4;;None
783;M000239;1993MM02;;;Impossible
784;M000238;1993MM03;2,3;;None
785;M000239;1993MM03;;;Impossible
786;M000238;1993MM04;2,3;;None
787;M000239;1993MM04;;;Impossible
788;M000238;1993MM05;2,3;;None
789;M000239;1993MM05;;;Impossible
790;M000238;1993MM06;2,1;;None
791;M000239;1993MM06;;;Impossible
792;M000238;1993MM07;2,2;;None
793;M000239;1993MM07;;;Impossible
794;M000238;1993MM08;2;;None
795;M000239;1993MM08;;;Impossible
796;M000238;1993MM09;1,8;;None
797;M000239;1993MM09;;;Impossible
798;M000238;1993MM10;1,9;;None
799;M000239;1993MM10;;;Impossible
800;M000238;1993MM11;1,7;;None
801;M000239;1993MM11;;;Impossible
802;M000238;1993MM12;1,7;;None
803;M000239;1993MM12;;;Impossible
804;M000238;1993JJ00;2,1;;None
805;M000239;1993JJ00;;;Impossible
806;M000238;1994MM01;2,4;;None
807;M000239;1994MM01;;;Impossible
808;M000238;1994MM02;3;;None
809;M000239;1994MM02;2,5;;None
810;M000238;1994MM03;2,9;;None
811;M000239;1994MM03;2,5;;None
812;M000238;1994MM04;2,8;;None
813;M000239;1994MM04;2,3;;None
814;M000238;1994MM05;2,9;;None
815;M000239;1994MM05;2,5;;None
816;M000238;1994MM06;3;;None
817;M000239;1994MM06;2,6;;None
818;M000238;1994MM07;2,7;;None
819;M000239;1994MM07;2,3;;None
820;M000238;1994MM08;2,6;;None
821;M000239;1994MM08;2,1;;None
822;M000238;1994MM09;2,7;;None
823;M000239;1994MM09;2,4;;None
824;M000238;1994MM10;2,8;;None
825;M000239;1994MM10;2,4;;None
826;M000238;1994MM11;2,5;;None
827;M000239;1994MM11;2,2;;None
828;M000238;1994MM12;2,6;;None
829;M000239;1994MM12;2,2;;None
830;M000238;1994JJ00;2,7;;None
831;M000239;1994JJ00;2,4;;None
832;M000238;1995MM01;2,4;;None
833;M000239;1995MM01;2,3;;None
834;M000238;1995MM02;2,4;;None
835;M000239;1995MM02;2,2;;None
836;M000238;1995MM03;2,3;;None
837;M000239;1995MM03;2,2;;None
838;M000238;1995MM04;2,3;;None
839;M000239;1995MM04;2,2;;None
840;M000238;1995MM05;2,1;;None
841;M000239;1995MM05;2;;None
842;M000238;1995MM06;2,1;;None
843;M000239;1995MM06;2;;None
844;M000238;1995MM07;1,8;;None
845;M000239;1995MM07;1,7;;None
846;M000238;1995MM08;1,5;;None
847;M000239;1995MM08;1,4;;None
848;M000238;1995MM09;1,5;;None
849;M000239;1995MM09;1,4;;None
850;M000238;1995MM10;1,3;;None
851;M000239;1995MM10;1,3;;None
852;M000238;1995MM11;1,6;;None
853;M000239;1995MM11;1,5;;None
854;M000238;1995MM12;1,7;;None
855;M000239;1995MM12;1,5;;None
856;M000238;1995JJ00;2;;None
857;M000239;1995JJ00;1,8;;None
858;M000238;1996MM01;1,9;;None
859;M000239;1996MM01;1,4;;None
860;M000238;1996MM02;1,8;;None
861;M000239;1996MM02;1,3;;None
862;M000238;1996MM03;2;;None
863;M000239;1996MM03;1,5;;None
864;M000238;1996MM04;2;;None
865;M000239;1996MM04;1,5;;None
866;M000238;1996MM05;2;;None
867;M000239;1996MM05;1,5;;None
868;M000238;1996MM06;1,8;;None
869;M000239;1996MM06;1,3;;None
870;M000238;1996MM07;2,2;;None
871;M000239;1996MM07;1,6;;None
872;M000238;1996MM08;1,9;;None
873;M000239;1996MM08;1,3;;None
874;M000238;1996MM09;2;;None
875;M000239;1996MM09;1,5;;None
876;M000238;1996MM10;2,4;;None
877;M000239;1996MM10;2;;None
878;M000238;1996MM11;2,3;;None
879;M000239;1996MM11;1,9;;None
880;M000238;1996MM12;2,5;;None
881;M000239;1996MM12;2,1;;None
882;M000238;1996JJ00;2,1;;None
883;M000239;1996JJ00;1,5;;None
884;M000238;1997MM01;2,3;;None
885;M000239;1997MM01;2,3;;None
886;M000238;1997MM02;2,2;;None
887;M000239;1997MM02;2,1;;None
888;M000238;1997MM03;2;;None
889;M000239;1997MM03;1,8;;None
890;M000238;1997MM04;1,8;;None
891;M000239;1997MM04;1,7;;None
892;M000238;1997MM05;2,2;;None
893;M000239;1997MM05;2;;None
894;M000238;1997MM06;2,2;;None
895;M000239;1997MM06;2,1;;None
896;M000238;1997MM07;2,3;;None
897;M000239;1997MM07;2,1;;None
898;M000238;1997MM08;2,6;;None
899;M000239;1997MM08;2,5;;None
900;M000238;1997MM09;2,6;;None
901;M000239;1997MM09;2,4;;None
902;M000238;1997MM10;2,3;;None
903;M000239;1997MM10;2,2;;None
904;M000238;1997MM11;2,5;;None
905;M000239;1997MM11;2,3;;None
906;M000238;1997MM12;2,3;;None
907;M000239;1997MM12;2,1;;None
908;M000238;1997JJ00;2,2;;None
909;M000239;1997JJ00;2;;None
910;M000238;1998MM01;1,8;;None
911;M000239;1998MM01;1,6;;None
912;M000238;1998MM02;2,2;;None
913;M000239;1998MM02;2;;None
914;M000238;1998MM03;2,3;;None
915;M000239;1998MM03;2,1;;None
916;M000238;1998MM04;2,4;;None
917;M000239;1998MM04;2,2;;None
918;M000238;1998MM05;2;;None
919;M000239;1998MM05;1,9;;None
920;M000238;1998MM06;2,2;;None
921;M000239;1998MM06;2;;None
922;M000238;1998MM07;2;;None
923;M000239;1998MM07;1,8;;None
924;M000238;1998MM08;1,7;;None
925;M000239;1998MM08;1,5;;None
926;M000238;1998MM09;1,7;;None
927;M000239;1998MM09;1,4;;None
928;M000238;1998MM10;1,9;;None
929;M000239;1998MM10;1,6;;None
930;M000238;1998MM11;1,7;;None
931;M000239;1998MM11;1,5;;None
932;M000238;1998MM12;1,7;;None
933;M000239;1998MM12;1,5;;None
934;M000238;1998JJ00;2;;None
935;M000239;1998JJ00;1,7;;None
936;M000238;1999MM01;2,2;;None
937;M000239;1999MM01;1,7;;None
938;M000238;1999MM02;2,1;;None
939;M000239;1999MM02;1,6;;None
940;M000238;1999MM03;2,2;;None
941;M000239;1999MM03;1,6;;None
942;M000238;1999MM04;2,2;;None
943;M000239;1999MM04;1,7;;None
944;M000238;1999MM05;2,3;;None
945;M000239;1999MM05;1,8;;None
946;M000238;1999MM06;2,3;;None
947;M000239;1999MM06;1,8;;None
948;M000238;1999MM07;2,1;;None
949;M000239;1999MM07;1,5;;None
950;M000238;1999MM08;2,6;;None
951;M000239;1999MM08;2,1;;None
952;M000238;1999MM09;2,2;;None
953;M000239;1999MM09;1,7;;None
954;M000238;1999MM10;2,1;;None
955;M000239;1999MM10;1,5;;None
956;M000238;1999MM11;2,2;;None
957;M000239;1999MM11;1,7;;None
958;M000238;1999MM12;2,2;;None
959;M000239;1999MM12;1,7;;None
960;M000238;1999JJ00;2,2;;None
961;M000239;1999JJ00;1,7;;None
962;M000238;2000MM01;2;;None
963;M000239;2000MM01;1,5;;None
964;M000238;2000MM02;2;;None
965;M000239;2000MM02;1,6;;None
966;M000238;2000MM03;1,9;;None
967;M000239;2000MM03;1,7;;None
968;M000238;2000MM04;2,1;;None
969;M000239;2000MM04;1,7;;None
970;M000238;2000MM05;2,4;;None
971;M000239;2000MM05;2;;None
972;M000238;2000MM06;2,7;;None
973;M000239;2000MM06;2,3;;None
974;M000238;2000MM07;2,8;;None
975;M000239;2000MM07;2,4;;None
976;M000238;2000MM08;2,5;;None
977;M000239;2000MM08;2,1;;None
978;M000238;2000MM09;2,9;;None
979;M000239;2000MM09;2,6;;None
980;M000238;2000MM10;3,1;;None
981;M000239;2000MM10;2,9;;None
982;M000238;2000MM11;3;;None
983;M000239;2000MM11;2,8;;None
984;M000238;2000MM12;2,9;;None
985;M000239;2000MM12;2,5;;None
986;M000238;2000JJ00;2,6;;None
987;M000239;2000JJ00;2,2;;None
988;M000238;2001MM01;4,2;;None
989;M000239;2001MM01;3,3;;None
990;M000238;2001MM02;4,5;;None
991;M000239;2001MM02;3,3;;None
992;M000238;2001MM03;4,6;;None
993;M000239;2001MM03;3,5;;None
994;M000238;2001MM04;4,9;;None
995;M000239;2001MM04;3,9;;None
996;M000238;2001MM05;4,9;;None
997;M000239;2001MM05;3,9;;None
998;M000238;2001MM06;4,5;;None
999;M000239;2001MM06;3,5;;None
1000;M000238;2001MM07;4,6;;None
1001;M000239;2001MM07;3,7;;None
1002;M000238;2001MM08;4,7;;None
1003;M000239;2001MM08;3,7;;None
1004;M000238;2001MM09;4,7;;None
1005;M000239;2001MM09;3,7;;None
1006;M000238;2001MM10;4,3;;None
1007;M000239;2001MM10;3,3;;None
1008;M000238;2001MM11;4,2;;None
1009;M000239;2001MM11;3,1;;None
1010;M000238;2001MM12;4,4;;None
1011;M000239;2001MM12;3,4;;None
1012;M000238;2001JJ00;4,5;;None
1013;M000239;2001JJ00;3,6;;None
1014;M000238;2002MM01;4;;None
1015;M000239;2002MM01;4,1;;None
1016;M000238;2002MM02;3,8;;None
1017;M000239;2002MM02;3,9;;None
1018;M000238;2002MM03;3,6;;None
1019;M000239;2002MM03;3,7;;None
1020;M000238;2002MM04;3,6;;None
1021;M000239;2002MM04;3,6;;None
1022;M000238;2002MM05;3,3;;None
1023;M000239;2002MM05;3,3;;None
1024;M000238;2002MM06;3,4;;None
1025;M000239;2002MM06;3,4;;None
1026;M000238;2002MM07;3,4;;None
1027;M000239;2002MM07;3,4;;None
1028;M000238;2002MM08;3,3;;None
1029;M000239;2002MM08;3,3;;None
1030;M000238;2002MM09;3,3;;None
1031;M000239;2002MM09;3,3;;None
1032;M000238;2002MM10;3,2;;None
1033;M000239;2002MM10;3,1;;None
1034;M000238;2002MM11;3,1;;None
1035;M000239;2002MM11;3,2;;None
1036;M000238;2002MM12;3,1;;None
1037;M000239;2002MM12;3,1;;None
1038;M000238;2002JJ00;3,4;;None
1039;M000239;2002JJ00;3,4;;None
1040;M000238;2003MM01;2,4;;None
1041;M000239;2003MM01;2,1;;None
1042;M000238;2003MM02;2,4;;None
1043;M000239;2003MM02;2,1;;None
1044;M000238;2003MM03;2,4;;None
1045;M000239;2003MM03;2,3;;None
1046;M000238;2003MM04;2,1;;None
1047;M000239;2003MM04;1,9;;None
1048;M000238;2003MM05;2;;None
1049;M000239;2003MM05;1,8;;None
1050;M000238;2003MM06;2;;None
1051;M000239;2003MM06;1,6;;None
1052;M000238;2003MM07;2,1;;None
1053;M000239;2003MM07;2;;None
1054;M000238;2003MM08;2,1;;None
1055;M000239;2003MM08;2;;None
1056;M000238;2003MM09;2;;None
1057;M000239;2003MM09;1,9;;None
1058;M000238;2003MM10;2;;None
1059;M000239;2003MM10;1,8;;None
1060;M000238;2003MM11;2;;None
1061;M000239;2003MM11;1,8;;None
1062;M000238;2003MM12;1,7;;None
1063;M000239;2003MM12;1,5;;None
1064;M000238;2003JJ00;2,1;;None
1065;M000239;2003JJ00;1,9;;None
1066;M000238;2004MM01;1,3;;None
1067;M000239;2004MM01;1,2;;None
1068;M000238;2004MM02;1,2;;None
1069;M000239;2004MM02;1;;None
1070;M000238;2004MM03;1,1;;None
1071;M000239;2004MM03;0,8;;None
1072;M000238;2004MM04;1,4;;None
1073;M000239;2004MM04;0,9;;None
1074;M000238;2004MM05;1,5;;None
1075;M000239;2004MM05;1,2;;None
1076;M000238;2004MM06;1,4;;None
1077;M000239;2004MM06;1;;None
1078;M000238;2004MM07;1,1;;None
1079;M000239;2004MM07;0,6;;None
1080;M000238;2004MM08;1,1;;None
1081;M000239;2004MM08;0,6;;None
1082;M000238;2004MM09;1;;None
1083;M000239;2004MM09;0,5;;None
1084;M000238;2004MM10;1,4;;None
1085;M000239;2004MM10;0,8;;None
1086;M000238;2004MM11;1,3;;None
1087;M000239;2004MM11;0,8;;None
1088;M000238;2004MM12;1,2;;None
1089;M000239;2004MM12;0,6;;None
1090;M000238;2004JJ00;1,2;;None
1091;M000239;2004JJ00;0,9;;None
1092;M000238;2005MM01;1,5;;None
1093;M000239;2005MM01;1;;None
1094;M000238;2005MM02;1,6;;None
1095;M000239;2005MM02;1,2;;None
1096;M000238;2005MM03;1,8;;None
1097;M000239;2005MM03;1,4;;None
1098;M000238;2005MM04;1,5;;None
1099;M000239;2005MM04;1,3;;None
1100;M000238;2005MM05;1,3;;None
1101;M000239;2005MM05;1;;None
1102;M000238;2005MM06;1,6;;None
1103;M000239;2005MM06;1,4;;None
1104;M000238;2005MM07;1,6;;None
1105;M000239;2005MM07;1,4;;None
1106;M000238;2005MM08;1,8;;None
1107;M000239;2005MM08;1,6;;None
1108;M000238;2005MM09;1,8;;None
1109;M000239;2005MM09;1,5;;None
1110;M000238;2005MM10;1,6;;None
1111;M000239;2005MM10;1,5;;None
1112;M000238;2005MM11;1,8;;None
1113;M000239;2005MM11;1,5;;None
1114;M000238;2005MM12;2;;None
1115;M000239;2005MM12;1,8;;None
1116;M000238;2005JJ00;1,7;;None
1117;M000239;2005JJ00;1,4;;None
1118;M000238;2006MM01;1,3;;None
1119;M000239;2006MM01;1,6;;None
1120;M000238;2006MM02;1,1;;None
1121;M000239;2006MM02;1,5;;None
1122;M000238;2006MM03;1;;None
1123;M000239;2006MM03;1,4;;None
1124;M000238;2006MM04;1,2;;None
1125;M000239;2006MM04;1,7;;None
1126;M000238;2006MM05;1,2;;None
1127;M000239;2006MM05;1,8;;None
1128;M000238;2006MM06;1,3;;None
1129;M000239;2006MM06;1,7;;None
1130;M000238;2006MM07;1,3;;None
1131;M000239;2006MM07;1,7;;None
1132;M000238;2006MM08;1,4;;None
1133;M000239;2006MM08;1,8;;None
1134;M000238;2006MM09;1,1;;None
1135;M000239;2006MM09;1,4;;None
1136;M000238;2006MM10;0,9;;None
1137;M000239;2006MM10;1,3;;None
1138;M000238;2006MM11;1;;None
1139;M000239;2006MM11;1,3;;None
1140;M000238;2006MM12;1,1;;None
1141;M000239;2006MM12;1,5;;None
1142;M000238;2006JJ00;1,1;;None
1143;M000239;2006JJ00;1,5;;None
1144;M000238;2007MM01;1,4;;None
1145;M000239;2007MM01;1,2;;None
1146;M000238;2007MM02;1,5;;None
1147;M000239;2007MM02;1,3;;None
1148;M000238;2007MM03;1,8;;None
1149;M000239;2007MM03;1,6;;None
1150;M000238;2007MM04;1,8;;None
1151;M000239;2007MM04;1,6;;None
1152;M000238;2007MM05;1,8;;None
1153;M000239;2007MM05;1,6;;None
1154;M000238;2007MM06;1,7;;None
1155;M000239;2007MM06;1,6;;None
1156;M000238;2007MM07;1,5;;None
1157;M000239;2007MM07;1,3;;None
1158;M000238;2007MM08;1,1;;None
1159;M000239;2007MM08;1;;None
1160;M000238;2007MM09;1,3;;None
1161;M000239;2007MM09;1,2;;None
1162;M000238;2007MM10;1,6;;None
1163;M000239;2007MM10;1,5;;None
1164;M000238;2007MM11;1,9;;None
1165;M000239;2007MM11;1,8;;None
1166;M000238;2007MM12;1,9;;None
1167;M000239;2007MM12;1,7;;None
1168;M000238;2007JJ00;1,6;;None
1169;M000239;2007JJ00;1,5;;None
1170;M000238;2008MM01;2;;None
1171;M000239;2008MM01;1,9;;None
1172;M000238;2008MM02;2,2;;None
1173;M000239;2008MM02;2,1;;None
1174;M000238;2008MM03;2,2;;None
1175;M000239;2008MM03;2;;None
1176;M000238;2008MM04;2;;None
1177;M000239;2008MM04;1,9;;None
1178;M000238;2008MM05;2,3;;None
1179;M000239;2008MM05;2,1;;None
1180;M000238;2008MM06;2,6;;None
1181;M000239;2008MM06;2,4;;None
1182;M000238;2008MM07;3,2;;None
1183;M000239;2008MM07;2,9;;None
1184;M000238;2008MM08;3,2;;None
1185;M000239;2008MM08;3;;None
1186;M000238;2008MM09;3,1;;None
1187;M000239;2008MM09;2,8;;None
1188;M000238;2008MM10;2,8;;None
1189;M000239;2008MM10;2,5;;None
1190;M000238;2008MM11;2,3;;None
1191;M000239;2008MM11;1,8;;None
1192;M000238;2008MM12;1,9;;None
1193;M000239;2008MM12;1,5;;None
1194;M000238;2008JJ00;2,5;;None
1195;M000239;2008JJ00;2,2;;None
1196;M000238;2009MM01;1,9;;None
1197;M000239;2009MM01;1,4;;None
1198;M000238;2009MM02;2;;None
1199;M000239;2009MM02;1,5;;None
1200;M000238;2009MM03;2;;None
1201;M000239;2009MM03;1,5;;None
1202;M000238;2009MM04;1,8;;None
1203;M000239;2009MM04;1,4;;None
1204;M000238;2009MM05;1,6;;None
1205;M000239;2009MM05;1,2;;None
1206;M000238;2009MM06;1,4;;None
1207;M000239;2009MM06;1,1;;None
1208;M000238;2009MM07;0,2;;None
1209;M000239;2009MM07;-0,1;;None
1210;M000238;2009MM08;0,3;;None
1211;M000239;2009MM08;0;;None
1212;M000238;2009MM09;0,4;;None
1213;M000239;2009MM09;0,1;;None
1214;M000238;2009MM10;0,7;;None
1215;M000239;2009MM10;0,4;;None
1216;M000238;2009MM11;1;;None
1217;M000239;2009MM11;0,8;;None
1218;M000238;2009MM12;1,1;;None
1219;M000239;2009MM12;1;;None
1220;M000238;2009JJ00;1,2;;None
1221;M000239;2009JJ00;0,9;;None
1222;M000238;2010MM01;0,8;;None
1223;M000239;2010MM01;0,7;;None
1224;M000238;2010MM02;0,8;;None
1225;M000239;2010MM02;0,7;;None
1226;M000238;2010MM03;1;;None
1227;M000239;2010MM03;0,8;;None
1228;M000238;2010MM04;1,1;;None
1229;M000239;2010MM04;0,9;;None
1230;M000238;2010MM05;1;;None
1231;M000239;2010MM05;0,7;;None
1232;M000238;2010MM06;0,8;;None
1233;M000239;2010MM06;0,6;;None
1234;M000238;2010MM07;1,6;;None
1235;M000239;2010MM07;1,4;;None
1236;M000238;2010MM08;1,5;;None
1237;M000239;2010MM08;1,3;;None
1238;M000238;2010MM09;1,6;;None
1239;M000239;2010MM09;1,4;;None
1240;M000238;2010MM10;1,6;;None
1241;M000239;2010MM10;1,4;;None
1242;M000238;2010MM11;1,6;;None
1243;M000239;2010MM11;1,4;;None
1244;M000238;2010MM12;1,9;;None
1245;M000239;2010MM12;1,7;;None
1246;M000238;2010JJ00;1,3;;None
1247;M000239;2010JJ00;1,1;;None
1248;M000238;2011MM01;2;;None
1249;M000239;2011MM01;1,9;;None
1250;M000238;2011MM02;1,9;;None
1251;M000239;2011MM02;1,9;;None
1252;M000238;2011MM03;2;;None
1253;M000239;2011MM03;1,9;;None
1254;M000238;2011MM04;2,1;;None
1255;M000239;2011MM04;2;;None
1256;M000238;2011MM05;2,3;;None
1257;M000239;2011MM05;2,2;;None
1258;M000238;2011MM06;2,3;;None
1259;M000239;2011MM06;2,1;;None
1260;M000238;2011MM07;2,6;;None
1261;M000239;2011MM07;2,4;;None
1262;M000238;2011MM08;2,6;;None
1263;M000239;2011MM08;2,4;;None
1264;M000238;2011MM09;2,7;;None
1265;M000239;2011MM09;2,5;;None
1266;M000238;2011MM10;2,6;;None
1267;M000239;2011MM10;2,3;;None
1268;M000238;2011MM11;2,6;;None
1269;M000239;2011MM11;2,3;;None
1270;M000238;2011MM12;2,4;;None
1271;M000239;2011MM12;2,1;;None
1272;M000238;2011JJ00;2,3;;None
1273;M000239;2011JJ00;2,2;;None
1274;M000238;2012MM01;2,5;;None
1275;M000239;2012MM01;2,2;;None
1276;M000238;2012MM02;2,5;;None
1277;M000239;2012MM02;2,2;;None
1278;M000238;2012MM03;2,5;;None
1279;M000239;2012MM03;2,2;;None
1280;M000238;2012MM04;2,4;;None
1281;M000239;2012MM04;2,1;;None
1282;M000238;2012MM05;2,1;;None
1283;M000239;2012MM05;1,9;;None
1284;M000238;2012MM06;2,1;;None
1285;M000239;2012MM06;2;;None
1286;M000238;2012MM07;2,3;;None
1287;M000239;2012MM07;2,1;;None
1288;M000238;2012MM08;2,3;;None
1289;M000239;2012MM08;2,1;;None
1290;M000238;2012MM09;2,3;;None
1291;M000239;2012MM09;2,1;;None
1292;M000238;2012MM10;2,9;;None
1293;M000239;2012MM10;2;;None
1294;M000238;2012MM11;2,8;;None
1295;M000239;2012MM11;1,9;;None
1296;M000238;2012MM12;2,9;;None
1297;M000239;2012MM12;2;;None
1298;M000238;2012JJ00;2,5;;None
1299;M000239;2012JJ00;2,1;;None
1300;M000238;2013MM01;3;;None
1301;M000239;2013MM01;1,6;;None
1302;M000238;2013MM02;3;;None
1303;M000239;2013MM02;1,6;;None
1304;M000238;2013MM03;2,9;;None
1305;M000239;2013MM03;1,5;;None
1306;M000238;2013MM04;2,6;;None
1307;M000239;2013MM04;1,2;;None
1308;M000238;2013MM05;2,8;;None
1309;M000239;2013MM05;1,3;;None
1310;M000238;2013MM06;2,9;;None
1311;M000239;2013MM06;1,4;;None
1312;M000238;2013MM07;3,1;;None
1313;M000239;2013MM07;1,7;;None
1314;M000238;2013MM08;2,8;;None
1315;M000239;2013MM08;1,4;;None
1316;M000238;2013MM09;2,4;;None
1317;M000239;2013MM09;1,1;;None
1318;M000238;2013MM10;1,6;;None
1319;M000239;2013MM10;0,9;;None
1320;M000238;2013MM11;1,5;;None
1321;M000239;2013MM11;0,8;;None
1322;M000238;2013MM12;1,7;;None
1323;M000239;2013MM12;1;;None
1324;M000238;2013JJ00;2,5;;None
1325;M000239;2013JJ00;1,3;;None
1326;M000238;2014MM01;1,4;;None
1327;M000239;2014MM01;1;;None
1328;M000238;2014MM02;1,1;;None
1329;M000239;2014MM02;0,7;;None
1330;M000238;2014MM03;0,8;;None
1331;M000239;2014MM03;0,4;;None
1332;M000238;2014MM04;1,2;;None
1333;M000239;2014MM04;0,8;;None
1334;M000238;2014MM05;0,8;;None
1335;M000239;2014MM05;0,5;;None
1336;M000238;2014MM06;0,9;;None
1337;M000239;2014MM06;0,6;;None
1338;M000238;2014MM07;0,9;;None
1339;M000239;2014MM07;0,6;;None
1340;M000238;2014MM08;1;;None
1341;M000239;2014MM08;0,6;;None
1342;M000238;2014MM09;0,9;;None
1343;M000239;2014MM09;0,6;;None
1344;M000238;2014MM10;1,1;;None
1345;M000239;2014MM10;0,7;;None
1346;M000238;2014MM11;1;;None
1347;M000239;2014MM11;0,6;;None
1348;M000238;2014MM12;0,7;;None
1349;M000239;2014MM12;0,4;;None
1350;M000238;2014JJ00;1;;None
1351;M000239;2014JJ00;0,6;;None
1352;M000238;2015MM01;0;;None
1353;M000239;2015MM01;-0,1;;None
1354;M000238;2015MM02;0,2;;None
1355;M000239;2015MM02;0;;None
1356;M000238;2015MM03;0,4;;None
1357;M000239;2015MM03;0,2;;None
1358;M000238;2015MM04;0,6;;None
1359;M000239;2015MM04;0,4;;None
1360;M000238;2015MM05;1,1;;None
1361;M000239;2015MM05;1;;None
1362;M000238;2015MM06;1;;None
1363;M000239;2015MM06;0,8;;None
1364;M000238;2015MM07;1;;None
1365;M000239;2015MM07;0,8;;None
1366;M000238;2015MM08;0,8;;None
1367;M000239;2015MM08;0,6;;None
1368;M000238;2015MM09;0,6;;None
1369;M000239;2015MM09;0,4;;None
1370;M000238;2015MM10;0,6;;None
1371;M000239;2015MM10;0,4;;None
1372;M000238;2015MM11;0,7;;None
1373;M000239;2015MM11;0,4;;None
1374;M000238;2015MM12;0,7;;None
1375;M000239;2015MM12;0,5;;None
1376;M000238;2015JJ00;0,6;;None
1377;M000239;2015JJ00;0,5;;None
1378;M000238;2016MM01;0,6;;None
1379;M000239;2016MM01;0,5;;None
1380;M000238;2016MM02;0,6;;None
1381;M000239;2016MM02;0,6;;None
1382;M000238;2016MM03;0,6;;None
1383;M000239;2016MM03;0,5;;None
1384;M000238;2016MM04;0;;None
1385;M000239;2016MM04;-0,1;;None
1386;M000238;2016MM05;0;;None
1387;M000239;2016MM05;-0,1;;None
1388;M000238;2016MM06;0;;None
1389;M000239;2016MM06;0;;None
1390;M000238;2016MM07;-0,2;;None
1391;M000239;2016MM07;-0,3;;None
1392;M000238;2016MM08;0,2;;None
1393;M000239;2016MM08;0,1;;None
1394;M000238;2016MM09;0,1;;None
1395;M000239;2016MM09;0;;None
1396;M000238;2016MM10;0,4;;None
1397;M000239;2016MM10;0,4;;None
1398;M000238;2016MM11;0,6;;None
1399;M000239;2016MM11;0,6;;None
1400;M000238;2016MM12;1;;None
1401;M000239;2016MM12;0,9;;None
1402;M000238;2016JJ00;0,3;;None
1403;M000239;2016JJ00;0,3;;None
1404;M000238;2017MM01;1,7;;None
1405;M000239;2017MM01;1,6;;None
1406;M000238;2017MM02;1,8;;None
1407;M000239;2017MM02;1,7;;None
1408;M000238;2017MM03;1,1;;None
1409;M000239;2017MM03;1,1;;None
1410;M000238;2017MM04;1,6;;None
1411;M000239;2017MM04;1,6;;None
1412;M000238;2017MM05;1,1;;None
1413;M000239;2017MM05;1;;None
1414;M000238;2017MM06;1,1;;None
1415;M000239;2017MM06;1,1;;None
1416;M000238;2017MM07;1,3;;None
1417;M000239;2017MM07;1,4;;None
1418;M000238;2017MM08;1,4;;None
1419;M000239;2017MM08;1,4;;None
1420;M000238;2017MM09;1,5;;None
1421;M000239;2017MM09;1,5;;None
1422;M000238;2017MM10;1,3;;None
1423;M000239;2017MM10;1,3;;None
1424;M000238;2017MM11;1,5;;None
1425;M000239;2017MM11;1,5;;None
1426;M000238;2017MM12;1,3;;None
1427;M000239;2017MM12;1,2;;None
1428;M000238;2017JJ00;1,4;;None
1429;M000239;2017JJ00;1,4;;None
1430;M000238;2018MM01;1,5;;None
1431;M000239;2018MM01;1,3;;None
1432;M000238;2018MM02;1,2;;None
1433;M000239;2018MM02;1;;None
1434;M000238;2018MM03;1;;None
1435;M000239;2018MM03;0,8;;None
1436;M000238;2018MM04;1,1;;None
1437;M000239;2018MM04;0,8;;None
1438;M000238;2018MM05;1,7;;None
1439;M000239;2018MM05;1,4;;None
1440;M000238;2018MM06;1,7;;None
1441;M000239;2018MM06;1,3;;None
1442;M000238;2018MM07;2,1;;None
1443;M000239;2018MM07;1,7;;None
1444;M000238;2018MM08;2,1;;None
1445;M000239;2018MM08;1,7;;None
1446;M000238;2018MM09;1,9;;None
1447;M000239;2018MM09;1,5;;None
1448;M000238;2018MM10;2,1;;None
1449;M000239;2018MM10;1,7;;None
1450;M000238;2018MM11;2;;None
1451;M000239;2018MM11;1,6;;None
1452;M000238;2018MM12;2;;None
1453;M000239;2018MM12;1,5;;None
1454;M000238;2018JJ00;1,7;;None
1455;M000239;2018JJ00;1,4;;None
1456;M000238;2019MM01;2,2;;None
1457;M000239;2019MM01;1;;None
1458;M000238;2019MM02;2,6;;None
1459;M000239;2019MM02;1,4;;None
1460;M000238;2019MM03;2,8;;None
1461;M000239;2019MM03;1,7;;None
1462;M000238;2019MM04;2,9;;None
1463;M000239;2019MM04;1,8;;None
1464;M000238;2019MM05;2,4;;None
1465;M000239;2019MM05;1,4;;None
1466;M000238;2019MM06;2,7;;None
1467;M000239;2019MM06;1,6;;None
1468;M000238;2019MM07;2,5;;None
1469;M000239;2019MM07;1,5;;None
1470;M000238;2019MM08;2,8;;None
1471;M000239;2019MM08;1,8;;None
1472;M000238;2019MM09;2,6;;None
1473;M000239;2019MM09;1,6;;None
1474;M000238;2019MM10;2,7;;None
1475;M000239;2019MM10;1,7;;None
1476;M000238;2019MM11;2,6;;None
1477;M000239;2019MM11;1,6;;None
1478;M000238;2019MM12;2,7;;None
1479;M000239;2019MM12;1,7;;None
1480;M000238;2019JJ00;2,6;;None
1481;M000239;2019JJ00;1,6;;None
1482;M000238;2020MM01;1,8;;None
1483;M000239;2020MM01;2;;None
1484;M000238;2020MM02;1,6;;None
1485;M000239;2020MM02;1,7;;None
1486;M000238;2020MM03;1,4;;None
1487;M000239;2020MM03;1,5;;None
1488;M000238;2020MM04;1,2;;None
1489;M000239;2020MM04;1,3;;None
1490;M000238;2020MM05;1,2;;None
1491;M000239;2020MM05;1,1;;None
1492;M000238;2020MM06;1,6;;None
1493;M000239;2020MM06;1,4;;None
1494;M000238;2020MM07;1,7;;None
1495;M000239;2020MM07;1,6;;None
1496;M000238;2020MM08;0,7;;None
1497;M000239;2020MM08;0,6;;None
1498;M000238;2020MM09;1,1;;None
1499;M000239;2020MM09;1;;None
1500;M000238;2020MM10;1,2;;None
1501;M000239;2020MM10;1,1;;None
1502;M000238;2020MM11;0,8;;None
1503;M000239;2020MM11;0,7;;None
1504;M000238;2020MM12;1;;None
1505;M000239;2020MM12;0,9;;None
1506;M000238;2020JJ00;1,3;;None
1507;M000239;2020JJ00;1,2;;None
1508;M000238;2021MM01;1,6;;None
1509;M000239;2021MM01;1,2;;None
1510;M000238;2021MM02;1,8;;None
1511;M000239;2021MM02;1,5;;None
1512;M000238;2021MM03;1,9;;None
1513;M000239;2021MM03;1,5;;None
1514;M000238;2021MM04;1,9;;None
1515;M000239;2021MM04;1,5;;None
1516;M000238;2021MM05;2,1;;None
1517;M000239;2021MM05;1,9;;None
1518;M000238;2021MM06;2;;None
1519;M000239;2021MM06;1,9;;None
1520;M000238;2021MM07;1,4;;None
1521;M000239;2021MM07;1,3;;None
1522;M000238;2021MM08;2,4;;None
1523;M000239;2021MM08;2,3;;None
1524;M000238;2021MM09;2,7;;None
1525;M000239;2021MM09;2,6;;None
1526;M000238;2021MM10;3,4;;None
1527;M000239;2021MM10;3,3;;None
1528;M000238;2021MM11;5,2;;None
1529;M000239;2021MM11;5;;None
1530;M000238;2021MM12;5,7;;None
1531;M000239;2021MM12;5,6;;None
1532;M000238;2021JJ00;2,7;;None
1533;M000239;2021JJ00;2,5;;None
1534;M000238;2022MM01;6,4;;None
1535;M000239;2022MM01;7,4;;None
1536;M000238;2022MM02;6,2;;None
1537;M000239;2022MM02;7,1;;None
1538;M000238;2022MM03;9,7;;None
1539;M000239;2022MM03;10,7;;None
1540;M000238;2022MM04;9,6;;None
1541;M000239;2022MM04;10,9;;None
1542;M000238;2022MM05;8,8;;None
1543;M000239;2022MM05;10,1;;None
1544;M000238;2022MM06;8,6;;None
1545;M000239;2022MM06;9,9;;None
1546;M000238;2022MM07;10,3;;None
1547;M000239;2022MM07;12,4;;None
1548;M000238;2022MM08;12;;None
1549;M000239;2022MM08;14,3;;None
1550;M000238;2022MM09;14,5;;None
1551;M000239;2022MM09;17,2;;None
1552;M000238;2022MM10;14,3;;None
1553;M000239;2022MM10;16,9;;None
1554;M000238;2022MM11;9,9;;None
1555;M000239;2022MM11;12,1;;None
1556;M000238;2022MM12;9,6;;None
1557;M000239;2022MM12;11,8;;None
1558;M000238;2022JJ00;10;;None
1559;M000239;2022JJ00;11,8;;None
1560;M000238;2023MM01;7,6;;None
1561;M000239;2023MM01;7,6;;None
1562;M000238;2023MM02;8;;None
1563;M000239;2023MM02;8;;None
1564;M000238;2023MM03;4,4;;None
1565;M000239;2023MM03;4,5;;None
1566;M000238;2023MM04;5,2;;None
1567;M000239;2023MM04;5;;None
1568;M000238;2023MM05;6,1;;None
1569;M000239;2023MM05;5,8;;None
1570;M000238;2023MM06;5,7;;None
1571;M000239;2023MM06;5,4;;None
1572;M000238;2023MM07;4,6;;None
1573;M000239;2023MM07;3,3;;None
1574;M000238;2023MM08;3;;None
1575;M000239;2023MM08;1,6;;None
1576;M000238;2023MM09;0,2;;None
1577;M000239;2023MM09;-1,4;;None
1578;M000238;2023MM10;-0,4;;None
1579;M000239;2023MM10;-2;;None
1580;M000238;2023MM11;1,6;;None
1581;M000239;2023MM11;0,2;;None
1582;M000238;2023MM12;1,2;;None
1583;M000239;2023MM12;-0,2;;None
1584;M000238;2023JJ00;3,8;;None
1585;M000239;2023JJ00;3;;None
1586;M000238;2024MM01;3,2;;None
1587;M000239;2024MM01;2,4;;None
1588;M000238;2024MM02;2,8;;None
1589;M000239;2024MM02;2,1;;None
1590;M000238;2024MM03;3,1;;None
1591;M000239;2024MM03;2,3;;None
1592;M000238;2024MM04;2,7;;None
1593;M000239;2024MM04;1,9;;None
1594;M000238;2024MM05;2,7;;None
1595;M000239;2024MM05;1,9;;None
1596;M000238;2024MM06;3,2;;None
1597;M000239;2024MM06;2,1;;None
1598;M000238;2024MM07;3,7;;None
1599;M000239;2024MM07;2,7;;None
1600;M000238;2024MM08;3,6;;None
1601;M000239;2024MM08;2,6;;None
1602;M000238;2024MM09;3,5;;None
1603;M000239;2024MM09;2,5;;None
